{
  "addons": [
        {
      "name": "Spotify w/ Repository",
      "type": "addon",
      "section": false,
      "plugin": "plugin.audio.spotify",
      "url": "https://kodi-community-addons.github.io/repository.marcelveldt/plugin.audio.spotify/",
      "repository": "repository.marcelveldt",
      "repositoryxml": "https://raw.githubusercontent.com/kodi-community-addons/repository.marcelveldt/master/addons.xml",
      "repositoryurl": "https://kodi-community-addons.github.io/repository.marcelveldt/repository.marcelveldt/",
      "icon": "",
      "adult": false,
      "description": "The official Spotify add-on."
    },{
      "name": "Spotify w/ Repository",
      "type": "addon",
      "section": false,
      "plugin": "plugin.audio.spotify",
      "url": "https://kodi-community-addons.github.io/repository.marcelveldt/plugin.audio.spotify/",
      "repository": "repository.marcelveldt",
      "repositoryxml": "https://raw.githubusercontent.com/kodi-community-addons/repository.marcelveldt/master/addons.xml",
      "repositoryurl": "https://kodi-community-addons.github.io/repository.marcelveldt/repository.marcelveldt/",
      "icon": "",
      "adult": false,
      "description": "The official Spotify add-on."
    },
  ]
}
